<?xml version="1.0"?>
<doc>
    <assembly>
        <name>Dapper.Bulk</name>
    </assembly>
    <members>
        <member name="T:Dapper.Bulk.DapperBulk">
            <summary>
            Bulk inserts for Dapper
            </summary>
        </member>
        <member name="M:Dapper.Bulk.DapperBulk.BulkInsert``1(System.Data.SqlClient.SqlConnection,System.Collections.Generic.IEnumerable{``0},System.Data.SqlClient.SqlTransaction,System.Int32,System.Int32)">
            <summary>
            Inserts entities into table <typeparamref name="T"/>s (by default).
            </summary>
            <typeparam name="T">The type being inserted.</typeparam>
            <param name="connection">Open SqlConnection</param>
            <param name="data">Entities to insert</param>
            <param name="transaction">The transaction to run under, null (the default) if none</param>
            <param name="batchSize">Number of bulk items inserted together, 0 (the default) if all</param>
            <param name="bulkCopyTimeout">Number of seconds before bulk command execution timeout, 30 (the default)</param>
        </member>
        <member name="M:Dapper.Bulk.DapperBulk.BulkInsertAndSelect``1(System.Data.SqlClient.SqlConnection,System.Collections.Generic.IEnumerable{``0},System.Data.SqlClient.SqlTransaction,System.Int32,System.Int32)">
            <summary>
            Inserts entities into table <typeparamref name="T"/>s (by default) returns inserted entities.
            </summary>
            <typeparam name="T">The element type of the array</typeparam>
            <param name="connection">Open SqlConnection</param>
            <param name="data">Entities to insert</param>
            <param name="transaction">The transaction to run under, null (the default) if none</param>
            <param name="batchSize">Number of bulk items inserted together, 0 (the default) if all</param>
            <param name="bulkCopyTimeout">Number of seconds before bulk command execution timeout, 30 (the default)</param>
            <returns>Inserted entities</returns>
        </member>
        <member name="M:Dapper.Bulk.DapperBulk.BulkInsertAsync``1(System.Data.SqlClient.SqlConnection,System.Collections.Generic.IEnumerable{``0},System.Data.SqlClient.SqlTransaction,System.Int32,System.Int32)">
            <summary>
            Inserts entities into table <typeparamref name="T"/>s (by default) asynchronously.
            </summary>
            <typeparam name="T">The type being inserted.</typeparam>
            <param name="connection">Open SqlConnection</param>
            <param name="data">Entities to insert</param>
            <param name="transaction">The transaction to run under, null (the default) if none</param>
            <param name="batchSize">Number of bulk items inserted together, 0 (the default) if all</param>
            <param name="bulkCopyTimeout">Number of seconds before bulk command execution timeout, 30 (the default)</param>
        </member>
        <member name="M:Dapper.Bulk.DapperBulk.BulkInsertAndSelectAsync``1(System.Data.SqlClient.SqlConnection,System.Collections.Generic.IEnumerable{``0},System.Data.SqlClient.SqlTransaction,System.Int32,System.Int32)">
            <summary>
            Inserts entities into table <typeparamref name="T"/>s (by default) asynchronously and returns inserted entities.
            </summary>
            <typeparam name="T">The type being inserted.</typeparam>
            <param name="connection">Open SqlConnection</param>
            <param name="data">Entities to insert</param>
            <param name="transaction">The transaction to run under, null (the default) if none</param>
            <param name="batchSize">Number of bulk items inserted together, 0 (the default) if all</param>
            <param name="bulkCopyTimeout">Number of seconds before bulk command execution timeout, 30 (the default)</param>
            <returns>Inserted entities</returns>
        </member>
        <member name="T:Dapper.Bulk.TableMapper">
            <summary>
            Used to store table names
            </summary>
        </member>
        <member name="M:Dapper.Bulk.TableMapper.SetupConvention(System.String,System.String)">
            <summary>
            Used to setup custom table conventions.
            </summary>
            <param name="tablePrefix">table name prefix</param>
            <param name="tableSuffix">table name suffix</param>
        </member>
    </members>
</doc>
